time_s,sv_out,spice_out,diff
1.777980000e-09,0.000000000e+00,5.362880702e-05,-5.362880702e-05
5.335719760e-09,3.221897826e-04,4.599977309e-04,-1.378079483e-04
8.893459520e-09,1.018495336e-03,1.211768696e-03,-1.932733602e-04
1.245119928e-08,2.031172835e-03,2.259744039e-03,-2.285712044e-04
1.600893904e-08,3.311188188e-03,3.559600755e-03,-2.484125675e-04
1.956667880e-08,4.816904305e-03,5.073460504e-03,-2.565561991e-04
2.312441856e-08,6.512966210e-03,6.768953374e-03,-2.559871647e-04
2.668215832e-08,8.369354194e-03,8.618417770e-03,-2.490635756e-04
3.023989808e-08,1.036057966e-02,1.059821645e-02,-2.376367867e-04
3.379763784e-08,1.246500221e-02,1.268815204e-02,-2.231498372e-04
3.735537760e-08,1.466424954e-02,1.487096713e-02,-2.067175911e-04
4.091311736e-08,1.694272498e-02,1.713191739e-02,-1.891924127e-04
4.447085712e-08,1.928718900e-02,1.945840642e-02,-1.712174172e-04
4.802859688e-08,2.168640401e-02,2.183967362e-02,-1.532696071e-04
5.158633664e-08,2.413083254e-02,2.426652790e-02,-1.356953649e-04
5.514407640e-08,2.661238102e-02,2.673111915e-02,-1.187381308e-04
5.870181616e-08,2.912418209e-02,2.922674365e-02,-1.025615568e-04
6.225955592e-08,3.166040978e-02,3.174767770e-02,-8.726791795e-05
6.581729568e-08,3.421612253e-02,3.428903480e-02,-7.291227233e-05
6.937503544e-08,3.678712982e-02,3.684664462e-02,-5.951479941e-05
7.293277520e-08,3.936987900e-02,3.941694824e-02,-4.706924201e-05
7.649051495e-08,4.196135909e-02,4.199691001e-02,-3.555091775e-05
8.004825471e-08,4.455901912e-02,4.458394091e-02,-2.492179433e-05
8.360599447e-08,4.716069875e-02,4.717583402e-02,-1.513526932e-05
8.716373423e-08,4.976456939e-02,4.977070889e-02,-6.139495250e-06
9.072147399e-08,5.236908417e-02,5.236696399e-02,2.120179991e-06
9.427921375e-08,5.497293542e-02,5.496323640e-02,9.699021701e-06
9.783695351e-08,5.757501861e-02,5.755836670e-02,1.665191623e-05
1.013946933e-07,6.017440170e-02,6.015137001e-02,2.303169137e-05
1.049524330e-07,6.277029910e-02,6.274140961e-02,2.888949749e-05
1.085101728e-07,6.536204962e-02,6.532777766e-02,3.427196301e-05
1.120679126e-07,6.794909760e-02,6.790987212e-02,3.922548239e-05
1.156256523e-07,7.053097705e-02,7.048718700e-02,4.379004904e-05
1.191833921e-07,7.310729809e-02,7.305929286e-02,4.800522554e-05
1.227411318e-07,7.567773542e-02,7.562583054e-02,5.190487727e-05
1.262988716e-07,7.824201860e-02,7.818649624e-02,5.552235474e-05
1.298566114e-07,8.079992372e-02,8.074103838e-02,5.888533714e-05
1.334143511e-07,8.335126637e-02,8.328924493e-02,6.202143915e-05
1.369720909e-07,8.589589567e-02,8.583094262e-02,6.495304523e-05
1.405298306e-07,8.843368914e-02,8.836598627e-02,6.770286654e-05
1.440875704e-07,9.096454848e-02,9.089425977e-02,7.028870974e-05
1.476453102e-07,9.348839581e-02,9.341566682e-02,7.272898875e-05
1.512030499e-07,9.600517058e-02,9.593013296e-02,7.503762486e-05
1.547607897e-07,9.851482702e-02,9.843759727e-02,7.722975077e-05
1.583185294e-07,1.010173318e-01,1.009380162e-01,7.931560923e-05
1.618762692e-07,1.035126620e-01,1.034313533e-01,8.130860702e-05
1.654340089e-07,1.060008037e-01,1.059175884e-01,8.321530943e-05
1.689917487e-07,1.084817508e-01,1.083967041e-01,8.504662161e-05
1.725494885e-07,1.109555033e-01,1.108686945e-01,8.680885739e-05
1.761072282e-07,1.134220667e-01,1.133335580e-01,8.850864864e-05
1.796649680e-07,1.158814510e-01,1.157912994e-01,9.015163464e-05
1.832227077e-07,1.183336701e-01,1.182419266e-01,9.174354406e-05
1.867804475e-07,1.207787413e-01,1.206854521e-01,9.328916922e-05
1.903381873e-07,1.232166843e-01,1.231218925e-01,9.479175977e-05
1.938959270e-07,1.256475213e-01,1.255512656e-01,9.625563704e-05
1.974536668e-07,1.280712764e-01,1.279735930e-01,9.768339394e-05
2.010114065e-07,1.304879753e-01,1.303888983e-01,9.907703378e-05
2.045691463e-07,1.328976449e-01,1.327972040e-01,1.004409514e-04
2.081268861e-07,1.353003135e-01,1.351985378e-01,1.017757212e-04
2.116846258e-07,1.376960100e-01,1.375929263e-01,1.030837276e-04
2.152423656e-07,1.400847642e-01,1.399803980e-01,1.043662371e-04
2.188001053e-07,1.424666065e-01,1.423609807e-01,1.056258154e-04
2.223578451e-07,1.448415678e-01,1.447347057e-01,1.068621386e-04
2.259155849e-07,1.472096795e-01,1.471016017e-01,1.080777423e-04
2.294733246e-07,1.495709730e-01,1.494617002e-01,1.092728240e-04
2.330310644e-07,1.519254802e-01,1.518150318e-01,1.104484063e-04
2.365888041e-07,1.542732332e-01,1.541616281e-01,1.116050708e-04
2.401465439e-07,1.566142640e-01,1.565015188e-01,1.127452336e-04
2.437042837e-07,1.589486049e-01,1.588347380e-01,1.138668948e-04
2.472620234e-07,1.612762882e-01,1.611613158e-01,1.149724666e-04
2.508197632e-07,1.635973462e-01,1.634812852e-01,1.160610385e-04
2.543775029e-07,1.659118110e-01,1.657946771e-01,1.171339129e-04
2.579352427e-07,1.682197149e-01,1.681015231e-01,1.181917735e-04
2.614929825e-07,1.705210901e-01,1.704018556e-01,1.192345414e-04
2.650507222e-07,1.728159688e-01,1.726957060e-01,1.202627164e-04
2.686084620e-07,1.751043829e-01,1.749831062e-01,1.212766728e-04
2.721662017e-07,1.773863643e-01,1.772640885e-01,1.222758326e-04
2.757239415e-07,1.796619449e-01,1.795386826e-01,1.232623542e-04
2.792816813e-07,1.819311565e-01,1.818069227e-01,1.242337848e-04
2.828394210e-07,1.841940305e-01,1.840688378e-01,1.251926900e-04
2.863971608e-07,1.864505985e-01,1.863244610e-01,1.261374866e-04
2.899549005e-07,1.887008918e-01,1.885738212e-01,1.270705387e-04
2.935126403e-07,1.909449416e-01,1.908169518e-01,1.279897651e-04
2.970703801e-07,1.931827789e-01,1.930538823e-01,1.288966625e-04
3.006281198e-07,1.954144349e-01,1.952846443e-01,1.297906144e-04
3.041858596e-07,1.976399402e-01,1.975092673e-01,1.306728280e-04
3.077435993e-07,1.998593255e-01,1.997277829e-01,1.315425965e-04
3.113013391e-07,2.020726212e-01,2.019402215e-01,1.323997181e-04
3.148590789e-07,2.042798578e-01,2.041466127e-01,1.332450972e-04
3.184168186e-07,2.064810656e-01,2.063469862e-01,1.340793735e-04
3.219745584e-07,2.086762745e-01,2.085413743e-01,1.349002284e-04
3.255322981e-07,2.108655146e-01,2.107298037e-01,1.357109080e-04
3.290900379e-07,2.130488156e-01,2.129123067e-01,1.365089349e-04
3.326477777e-07,2.152262072e-01,2.150889103e-01,1.372969107e-04
3.362055174e-07,2.173977188e-01,2.172596465e-01,1.380722771e-04
3.397632572e-07,2.195633799e-01,2.194245430e-01,1.388368531e-04
3.433209969e-07,2.217232197e-01,2.215836295e-01,1.395901376e-04
3.468787367e-07,2.238772671e-01,2.237369345e-01,1.403326039e-04
3.504364765e-07,2.260255513e-01,2.258844875e-01,1.410638056e-04
3.539942162e-07,2.281681009e-01,2.280263160e-01,1.417848573e-04
3.575519560e-07,2.303049445e-01,2.301624503e-01,1.424942061e-04
3.611096957e-07,2.324361108e-01,2.322929165e-01,1.431942229e-04
3.646674355e-07,2.345616280e-01,2.344177456e-01,1.438824111e-04
3.682251753e-07,2.366815245e-01,2.365369634e-01,1.445610348e-04
3.717829150e-07,2.387958281e-01,2.386506001e-01,1.452279371e-04
3.753406548e-07,2.409045669e-01,2.407586809e-01,1.458860082e-04
3.788983945e-07,2.430077687e-01,2.428612357e-01,1.465329956e-04
3.824561343e-07,2.451054612e-01,2.449582905e-01,1.471706695e-04
3.860138741e-07,2.471976718e-01,2.470498743e-01,1.477975095e-04
3.895716138e-07,2.492844281e-01,2.491360131e-01,1.484150606e-04
3.931293536e-07,2.513657571e-01,2.512167351e-01,1.490220241e-04
3.966870933e-07,2.534416861e-01,2.532920662e-01,1.496199348e-04
4.002448331e-07,2.555122420e-01,2.553620337e-01,1.502083360e-04
4.038025729e-07,2.575774516e-01,2.574266651e-01,1.507865730e-04
4.073603126e-07,2.596373417e-01,2.594859867e-01,1.513550354e-04
4.109180524e-07,2.616919389e-01,2.615400237e-01,1.519152148e-04
4.144757921e-07,2.637412695e-01,2.635888049e-01,1.524645105e-04
4.180335319e-07,2.657853598e-01,2.656323543e-01,1.530055199e-04
4.215912717e-07,2.678242362e-01,2.676706994e-01,1.535368118e-04
4.251490114e-07,2.698579246e-01,2.697038647e-01,1.540599910e-04
4.287067512e-07,2.718864511e-01,2.717318782e-01,1.545728178e-04
4.322644909e-07,2.739098411e-01,2.737547634e-01,1.550777244e-04
4.358222307e-07,2.759281207e-01,2.757725479e-01,1.555727464e-04
4.393799705e-07,2.779413151e-01,2.777852549e-01,1.560601686e-04
4.429377102e-07,2.799494498e-01,2.797929124e-01,1.565374234e-04
4.464954500e-07,2.819525502e-01,2.817955434e-01,1.570067633e-04
4.500531897e-07,2.839506414e-01,2.837931740e-01,1.574674153e-04
4.536109295e-07,2.859437483e-01,2.857858284e-01,1.579199566e-04
4.571686692e-07,2.879318960e-01,2.877735322e-01,1.583637797e-04
4.607264090e-07,2.899151092e-01,2.897563097e-01,1.587994292e-04
4.642841488e-07,2.918934124e-01,2.917341868e-01,1.592256416e-04
4.678418885e-07,2.938668303e-01,2.937071856e-01,1.596446902e-04
4.713996283e-07,2.958353873e-01,2.956753314e-01,1.600559377e-04
4.749573680e-07,2.977991077e-01,2.976386495e-01,1.604581934e-04
4.785151078e-07,2.997580156e-01,2.995971626e-01,1.608529512e-04
4.820728476e-07,3.017121351e-01,3.015508955e-01,1.612395570e-04
4.856305873e-07,3.036614900e-01,3.034998715e-01,1.616185501e-04
4.891883271e-07,3.056061042e-01,3.054441149e-01,1.619893266e-04
4.927460668e-07,3.075460015e-01,3.073836485e-01,1.623529651e-04
4.963038066e-07,3.094812052e-01,3.093184968e-01,1.627083963e-04
4.998615464e-07,3.114117390e-01,3.112486822e-01,1.630568407e-04
5.034192861e-07,3.133376261e-01,3.131742285e-01,1.633975961e-04
5.069770259e-07,3.152588898e-01,3.150951596e-01,1.637302152e-04
5.105347656e-07,3.171755530e-01,3.170114969e-01,1.640561470e-04
5.140925054e-07,3.190876390e-01,3.189232650e-01,1.643740051e-04
5.176502452e-07,3.209951704e-01,3.208304853e-01,1.646851552e-04
5.212079849e-07,3.228981701e-01,3.227331808e-01,1.649893806e-04
5.247657247e-07,3.247966607e-01,3.246313751e-01,1.652856079e-04
5.283234644e-07,3.266906647e-01,3.265250897e-01,1.655749979e-04
5.318812042e-07,3.285802045e-01,3.284143464e-01,1.658581162e-04
5.354389440e-07,3.304653025e-01,3.302991693e-01,1.661332421e-04
5.389966837e-07,3.323459809e-01,3.321795783e-01,1.664025647e-04
5.425544235e-07,3.342222616e-01,3.340555976e-01,1.666640124e-04
5.461121632e-07,3.360941668e-01,3.359272471e-01,1.669196395e-04
5.496699030e-07,3.379617182e-01,3.377945499e-01,1.671682633e-04
5.532276428e-07,3.398249376e-01,3.396575279e-01,1.674097432e-04
5.567853825e-07,3.416838466e-01,3.415162013e-01,1.676453116e-04
5.603431223e-07,3.435384669e-01,3.433705928e-01,1.678741003e-04
5.639008620e-07,3.453888197e-01,3.452207238e-01,1.680958782e-04
5.674586018e-07,3.472349265e-01,3.470666141e-01,1.683123632e-04
5.710163416e-07,3.490768085e-01,3.489082869e-01,1.685215199e-04
5.745740813e-07,3.509144867e-01,3.507457610e-01,1.687256507e-04
5.781318211e-07,3.527479821e-01,3.525790605e-01,1.689216568e-04
5.816895608e-07,3.545773157e-01,3.544082027e-01,1.691130988e-04
5.852473006e-07,3.564025083e-01,3.562332111e-01,1.692972048e-04
5.888050404e-07,3.582235805e-01,3.580541039e-01,1.694766504e-04
5.923627801e-07,3.600405529e-01,3.598709044e-01,1.696485400e-04
5.959205199e-07,3.618534461e-01,3.616836304e-01,1.698157331e-04
5.994782596e-07,3.636622803e-01,3.634923039e-01,1.699764445e-04
6.030359994e-07,3.654670759e-01,3.652969440e-01,1.701319913e-04
6.065937392e-07,3.672678530e-01,3.670975726e-01,1.702804260e-04
6.101514789e-07,3.690646318e-01,3.688942071e-01,1.704247321e-04
6.137092187e-07,3.708574322e-01,3.706868700e-01,1.705622383e-04
6.172669584e-07,3.726462741e-01,3.724755795e-01,1.706945245e-04
6.208246982e-07,3.744311772e-01,3.742603566e-01,1.708205820e-04
6.243824380e-07,3.762121612e-01,3.760412186e-01,1.709425857e-04
6.279401777e-07,3.779892458e-01,3.778181882e-01,1.710576638e-04
6.314979175e-07,3.797624504e-01,3.795912823e-01,1.711680816e-04
6.350556572e-07,3.815317943e-01,3.813605215e-01,1.712728441e-04
6.386133970e-07,3.832972970e-01,3.831259243e-01,1.713727083e-04
6.421711368e-07,3.850589775e-01,3.848875109e-01,1.714665174e-04
6.457288765e-07,3.868168549e-01,3.866452993e-01,1.715556273e-04
6.492866163e-07,3.885709484e-01,3.883993086e-01,1.716397473e-04
6.528443560e-07,3.903212766e-01,3.901495584e-01,1.717181896e-04
6.564020958e-07,3.920678586e-01,3.918960665e-01,1.717921025e-04
6.599598356e-07,3.938107130e-01,3.936388521e-01,1.718609195e-04
6.635175753e-07,3.955498583e-01,3.953779337e-01,1.719246129e-04
6.670753151e-07,3.972853133e-01,3.971133300e-01,1.719832747e-04
6.706330548e-07,3.990170962e-01,3.988450586e-01,1.720375862e-04
6.741907946e-07,4.007452255e-01,4.005731390e-01,1.720865462e-04
6.777485344e-07,4.024697194e-01,4.022975882e-01,1.721311944e-04
6.813062741e-07,4.041905960e-01,4.040184254e-01,1.721705623e-04
6.848640139e-07,4.059078735e-01,4.057356678e-01,1.722056508e-04
6.884217536e-07,4.076215697e-01,4.074493340e-01,1.722356687e-04
6.919794934e-07,4.093317027e-01,4.091594413e-01,1.722614412e-04
6.955372332e-07,4.110382901e-01,4.108660073e-01,1.722827252e-04
6.990949729e-07,4.127413498e-01,4.125690508e-01,1.722990919e-04
7.026527127e-07,4.144408993e-01,4.142685881e-01,1.723112691e-04
7.062104524e-07,4.161369562e-01,4.159646367e-01,1.723195080e-04
7.097681922e-07,4.178295380e-01,4.176572154e-01,1.723226360e-04
7.133259320e-07,4.195186620e-01,4.193463399e-01,1.723220042e-04
7.168836717e-07,4.212043454e-01,4.210320288e-01,1.723165824e-04
7.204414115e-07,4.228866055e-01,4.227142986e-01,1.723068843e-04
7.239991512e-07,4.245654593e-01,4.243931657e-01,1.722935935e-04
7.275568910e-07,4.262409239e-01,4.260686481e-01,1.722757651e-04
7.311146308e-07,4.279130163e-01,4.277407626e-01,1.722536639e-04
7.346723705e-07,4.295817532e-01,4.294095252e-01,1.722279512e-04
7.382301103e-07,4.312471515e-01,4.310749533e-01,1.721981984e-04
7.417878500e-07,4.329092276e-01,4.327370642e-01,1.721634844e-04
7.453455898e-07,4.345679985e-01,4.343958728e-01,1.721257373e-04
7.489033295e-07,4.362234805e-01,4.360513971e-01,1.720834619e-04
7.524610693e-07,4.378756901e-01,4.377036521e-01,1.720379697e-04
7.560188091e-07,4.395246435e-01,4.393526554e-01,1.719881099e-04
7.595765488e-07,4.411703571e-01,4.409984220e-01,1.719351095e-04
7.631342886e-07,4.428128471e-01,4.426409697e-01,1.718774194e-04
7.666920283e-07,4.444521296e-01,4.442803119e-01,1.718176701e-04
7.702497681e-07,4.460882205e-01,4.459164682e-01,1.717522920e-04
7.738075079e-07,4.477211358e-01,4.475494512e-01,1.716846153e-04
7.773652476e-07,4.493508916e-01,4.491792786e-01,1.716129902e-04
7.809229874e-07,4.509775033e-01,4.508059661e-01,1.715371569e-04
7.844807271e-07,4.526009869e-01,4.524295281e-01,1.714587778e-04
7.880384669e-07,4.542213579e-01,4.540499816e-01,1.713763089e-04
7.915962067e-07,4.558386318e-01,4.556673413e-01,1.712905567e-04
7.951539464e-07,4.574528243e-01,4.572816228e-01,1.712014838e-04
7.987116862e-07,4.590639505e-01,4.588928423e-01,1.711082160e-04
8.022694259e-07,4.606720260e-01,4.605010126e-01,1.710133237e-04
8.058271657e-07,4.622770658e-01,4.621061523e-01,1.709135086e-04
8.093849055e-07,4.638790852e-01,4.637082743e-01,1.708108972e-04
8.129426452e-07,4.654780993e-01,4.653073940e-01,1.707053225e-04
8.165003850e-07,4.670741231e-01,4.669035263e-01,1.705968133e-04
8.200581247e-07,4.686671715e-01,4.684966870e-01,1.704844868e-04
8.236158645e-07,4.702572593e-01,4.700868902e-01,1.703691398e-04
8.271736043e-07,4.718444015e-01,4.716741511e-01,1.702504615e-04
8.307313440e-07,4.734286127e-01,4.732584835e-01,1.701292150e-04
8.342890838e-07,4.750099075e-01,4.748399023e-01,1.700051874e-04
8.378468235e-07,4.765883005e-01,4.764184230e-01,1.698775164e-04
8.414045633e-07,4.781638062e-01,4.779940589e-01,1.697472888e-04
8.449623031e-07,4.797364391e-01,4.795668248e-01,1.696143450e-04
8.485200428e-07,4.813062134e-01,4.811367361e-01,1.694773239e-04
8.520777826e-07,4.828731436e-01,4.827038051e-01,1.693384847e-04
8.556355223e-07,4.844372437e-01,4.842680470e-01,1.691967425e-04
8.591932621e-07,4.859985279e-01,4.858294760e-01,1.690519413e-04
8.627510019e-07,4.875570103e-01,4.873881059e-01,1.689044390e-04
8.663087416e-07,4.891127049e-01,4.889439505e-01,1.687543919e-04
8.698664814e-07,4.906656256e-01,4.904970241e-01,1.686015167e-04
8.734242211e-07,4.922157864e-01,4.920473402e-01,1.684461291e-04
8.769819609e-07,4.937632008e-01,4.935949130e-01,1.682877477e-04
8.805397007e-07,4.953078828e-01,4.951397561e-01,1.681266935e-04
8.840974404e-07,4.968498459e-01,4.966818824e-01,1.679634246e-04
8.876551802e-07,4.983891036e-01,4.982213064e-01,1.677972192e-04
8.912129199e-07,4.999256697e-01,4.997580411e-01,1.676285491e-04
8.947706597e-07,5.014595574e-01,5.012920998e-01,1.674576522e-04
8.983283995e-07,5.029907802e-01,5.028234960e-01,1.672842324e-04
9.018861392e-07,5.045193514e-01,5.043522431e-01,1.671082844e-04
9.054438790e-07,5.060452842e-01,5.058783545e-01,1.669296855e-04
9.090016187e-07,5.075685919e-01,5.074018425e-01,1.667493429e-04
9.125593585e-07,5.090892874e-01,5.089227218e-01,1.665655776e-04
9.161170983e-07,5.106073840e-01,5.104410032e-01,1.663808037e-04
9.196748380e-07,5.121228945e-01,5.119567021e-01,1.661923641e-04
9.232325778e-07,5.136358319e-01,5.134698289e-01,1.660029637e-04
9.267903175e-07,5.151462090e-01,5.149803986e-01,1.658103756e-04
9.303480573e-07,5.166540387e-01,5.164884225e-01,1.656161730e-04
9.339057971e-07,5.181593336e-01,5.179939141e-01,1.654194823e-04
9.374635368e-07,5.196621065e-01,5.194968855e-01,1.652209506e-04
9.410212766e-07,5.211623698e-01,5.209973500e-01,1.650198300e-04
9.445790163e-07,5.226601363e-01,5.224953191e-01,1.648172455e-04
9.481367561e-07,5.241554183e-01,5.239908070e-01,1.646113525e-04
9.516944959e-07,5.256482283e-01,5.254838234e-01,1.644049047e-04
9.552522356e-07,5.271385785e-01,5.269743833e-01,1.641952017e-04
9.588099754e-07,5.286264813e-01,5.284624972e-01,1.639841291e-04
9.623677151e-07,5.301119490e-01,5.299481779e-01,1.637710241e-04
9.659254549e-07,5.315949936e-01,5.314314377e-01,1.635558948e-04
9.694831947e-07,5.330756274e-01,5.329122887e-01,1.633387226e-04
9.730409344e-07,5.345538622e-01,5.343907424e-01,1.631198362e-04
9.765986742e-07,5.360297103e-01,5.358668120e-01,1.628982386e-04
9.801564139e-07,5.375031833e-01,5.373405071e-01,1.626762262e-04
9.837141537e-07,5.389742933e-01,5.388118424e-01,1.624508614e-04
9.872718935e-07,5.404430520e-01,5.402808272e-01,1.622247975e-04
9.908296332e-07,5.419094711e-01,5.417474750e-01,1.619961512e-04
9.943873730e-07,5.433735624e-01,5.432117956e-01,1.617668101e-04
9.979451127e-07,5.448353376e-01,5.446738026e-01,1.615349687e-04
1.001502852e-06,5.462948080e-01,5.461335073e-01,1.613007400e-04
1.005060592e-06,5.477519854e-01,5.475909199e-01,1.610655187e-04
1.008618332e-06,5.492068810e-01,5.490460524e-01,1.608286215e-04
1.012176072e-06,5.506595065e-01,5.504989163e-01,1.605901496e-04
1.015733812e-06,5.521098729e-01,5.519495229e-01,1.603500230e-04
1.019291551e-06,5.535579918e-01,5.533978839e-01,1.601078668e-04
1.022849291e-06,5.550038743e-01,5.548440099e-01,1.598643283e-04
1.026407031e-06,5.564475314e-01,5.562879080e-01,1.596234428e-04
1.029964771e-06,5.578889745e-01,5.577295972e-01,1.593772827e-04
1.033522510e-06,5.593282145e-01,5.591690855e-01,1.591289951e-04
1.037080250e-06,5.607652625e-01,5.606063826e-01,1.588798931e-04
1.040637990e-06,5.622001294e-01,5.620415012e-01,1.586281655e-04
1.044195730e-06,5.636328261e-01,5.634744500e-01,1.583760890e-04
1.047753469e-06,5.650633634e-01,5.649052416e-01,1.581218663e-04
1.051311209e-06,5.664917521e-01,5.663338854e-01,1.578667928e-04
1.054868949e-06,5.679180031e-01,5.677603927e-01,1.576104363e-04
1.058426689e-06,5.693421268e-01,5.691847749e-01,1.573519310e-04
1.061984428e-06,5.707641341e-01,5.706070414e-01,1.570927512e-04
1.065542168e-06,5.721840354e-01,5.720272037e-01,1.568316925e-04
1.069099908e-06,5.736018413e-01,5.734452717e-01,1.565695926e-04
1.072657648e-06,5.750175622e-01,5.748612560e-01,1.563062537e-04
1.076215387e-06,5.764312086e-01,5.762751669e-01,1.560416902e-04
1.079773127e-06,5.778427908e-01,5.776870148e-01,1.557760001e-04
1.083330867e-06,5.792523191e-01,5.790968103e-01,1.555088106e-04
1.086888607e-06,5.806598039e-01,5.805045639e-01,1.552400376e-04
1.090446346e-06,5.820652552e-01,5.819102842e-01,1.549710942e-04
1.094004086e-06,5.834686833e-01,5.833139831e-01,1.547002194e-04
1.097561826e-06,5.848700983e-01,5.847156659e-01,1.544324418e-04
1.101119566e-06,5.862695103e-01,5.861153513e-01,1.541589214e-04
1.104677306e-06,5.876669291e-01,5.875130442e-01,1.538849196e-04
1.108235045e-06,5.890623649e-01,5.889087552e-01,1.536097679e-04
1.111792785e-06,5.904558275e-01,5.903024939e-01,1.533335842e-04
1.115350525e-06,5.918473267e-01,5.916942705e-01,1.530562682e-04
1.118908265e-06,5.932368724e-01,5.930840948e-01,1.527776196e-04
1.122466004e-06,5.946244744e-01,5.944719767e-01,1.524976934e-04
1.126023744e-06,5.960101423e-01,5.958579244e-01,1.522179044e-04
1.129581484e-06,5.973938858e-01,5.972419499e-01,1.519358836e-04
1.133139224e-06,5.987757146e-01,5.986240613e-01,1.516532354e-04
1.136696963e-06,6.001556381e-01,6.000042683e-01,1.513698135e-04
1.140254703e-06,6.015336659e-01,6.013825805e-01,1.510854362e-04
1.143812443e-06,6.029098076e-01,6.027590072e-01,1.508003219e-04
1.147370183e-06,6.042840724e-01,6.041335586e-01,1.505137728e-04
1.150927922e-06,6.056564698e-01,6.055062429e-01,1.502269278e-04
1.154485662e-06,6.070270092e-01,6.068770705e-01,1.499386893e-04
1.158043402e-06,6.083956997e-01,6.082460493e-01,1.496503487e-04
1.161601142e-06,6.097625506e-01,6.096131902e-01,1.493604784e-04
1.165158881e-06,6.111275712e-01,6.109785020e-01,1.490692100e-04
1.168716621e-06,6.124907706e-01,6.123419886e-01,1.487819419e-04
1.172274361e-06,6.138521578e-01,6.137036682e-01,1.484896076e-04
1.175832101e-06,6.152117419e-01,6.150635454e-01,1.481965779e-04
1.179389840e-06,6.165695320e-01,6.164216286e-01,1.479033830e-04
1.182947580e-06,6.179255370e-01,6.177779286e-01,1.476083937e-04
1.186505320e-06,6.192797658e-01,6.191324526e-01,1.473131714e-04
1.190063060e-06,6.206322273e-01,6.204852104e-01,1.470168554e-04
1.193620800e-06,6.219829303e-01,6.218362099e-01,1.467203469e-04
1.197178539e-06,6.233318835e-01,6.231854605e-01,1.464229705e-04
1.200736279e-06,6.246790959e-01,6.245329710e-01,1.461249684e-04
1.204294019e-06,6.260245760e-01,6.258787499e-01,1.458260853e-04
1.207851759e-06,6.273683325e-01,6.272228059e-01,1.455265995e-04
1.211409498e-06,6.287103740e-01,6.285651470e-01,1.452269431e-04
1.214967238e-06,6.300507090e-01,6.299057834e-01,1.449256478e-04
1.218524978e-06,6.313893462e-01,6.312447222e-01,1.446240761e-04
1.222082718e-06,6.327262940e-01,6.325819712e-01,1.443228310e-04
1.225640457e-06,6.340615608e-01,6.339175411e-01,1.440197598e-04
1.229198197e-06,6.353951550e-01,6.352514378e-01,1.437172321e-04
1.232755937e-06,6.367270850e-01,6.365836718e-01,1.434132277e-04
1.236313677e-06,6.380573592e-01,6.379142503e-01,1.431088494e-04
1.239871416e-06,6.393859856e-01,6.392431780e-01,1.428076143e-04
1.243429156e-06,6.407129727e-01,6.405704697e-01,1.425029938e-04
1.246986896e-06,6.420383286e-01,6.418961319e-01,1.421966728e-04
1.250544636e-06,6.433620614e-01,6.432201709e-01,1.418905109e-04
1.254102375e-06,6.446841793e-01,6.445425954e-01,1.415838141e-04
1.257660115e-06,6.460046903e-01,6.458634135e-01,1.412767150e-04
1.261217855e-06,6.473236024e-01,6.471826340e-01,1.409683987e-04
1.264775595e-06,6.486409237e-01,6.485002631e-01,1.406606175e-04
1.268333334e-06,6.499566621e-01,6.498163099e-01,1.403521499e-04
1.271891074e-06,6.512708254e-01,6.511307820e-01,1.400434429e-04
1.275448814e-06,6.525834217e-01,6.524436881e-01,1.397336130e-04
1.279006554e-06,6.538944586e-01,6.537550346e-01,1.394239893e-04
1.282564294e-06,6.552039440e-01,6.550648308e-01,1.391132330e-04
1.286122033e-06,6.565118857e-01,6.563730830e-01,1.388026814e-04
1.289679773e-06,6.578182913e-01,6.576797993e-01,1.384919341e-04
1.293237513e-06,6.591231685e-01,6.589849877e-01,1.381807819e-04
1.296795253e-06,6.604265250e-01,6.602886562e-01,1.378687693e-04
1.300352992e-06,6.617283683e-01,6.615908114e-01,1.375569285e-04
1.303910732e-06,6.630287061e-01,6.628914617e-01,1.372444189e-04
1.307468472e-06,6.643275458e-01,6.641906135e-01,1.369323325e-04
1.311026212e-06,6.656248949e-01,6.654882720e-01,1.366229353e-04
1.314583951e-06,6.669207609e-01,6.667844513e-01,1.363096563e-04
1.318141691e-06,6.682151512e-01,6.680791552e-01,1.359959970e-04
1.321699431e-06,6.695080731e-01,6.693723908e-01,1.356823388e-04
1.325257171e-06,6.707995340e-01,6.706641658e-01,1.353682330e-04
1.328814910e-06,6.720895413e-01,6.719544874e-01,1.350538450e-04
1.332372650e-06,6.733781020e-01,6.732433622e-01,1.347398102e-04
1.335930390e-06,6.746652236e-01,6.745307988e-01,1.344247800e-04
1.339488130e-06,6.759509131e-01,6.758168037e-01,1.341094398e-04
1.343045869e-06,6.772351778e-01,6.771013834e-01,1.337944058e-04
1.346603609e-06,6.785180247e-01,6.783845453e-01,1.334794236e-04
1.350161349e-06,6.797994609e-01,6.796662971e-01,1.331638490e-04
1.353719089e-06,6.810794935e-01,6.809466455e-01,1.328480051e-04
1.357276828e-06,6.823581296e-01,6.822255974e-01,1.325321132e-04
1.360834568e-06,6.836353759e-01,6.835031597e-01,1.322162711e-04
1.364392308e-06,6.849112396e-01,6.847793397e-01,1.318998623e-04
1.367950048e-06,6.861857275e-01,6.860541437e-01,1.315837649e-04
1.371507788e-06,6.874588465e-01,6.873275795e-01,1.312670144e-04
1.375065527e-06,6.887306034e-01,6.885996527e-01,1.309507232e-04
1.378623267e-06,6.900010050e-01,6.898703713e-01,1.306337798e-04
1.382181007e-06,6.912700582e-01,6.911397372e-01,1.303209992e-04
1.385738747e-06,6.925377696e-01,6.924077655e-01,1.300041269e-04
1.389296486e-06,6.938041460e-01,6.936744589e-01,1.296870711e-04
1.392854226e-06,6.950691940e-01,6.949398237e-01,1.293702618e-04
1.396411966e-06,6.963329202e-01,6.962038669e-01,1.290532799e-04
1.399969706e-06,6.975953313e-01,6.974665951e-01,1.287361955e-04
1.403527445e-06,6.988564339e-01,6.987280153e-01,1.284186095e-04
1.407085185e-06,7.001162344e-01,6.999881329e-01,1.281014481e-04
1.410642925e-06,7.013747394e-01,7.012469551e-01,1.277842814e-04
1.414200665e-06,7.026319553e-01,7.025044887e-01,1.274665179e-04
1.417758404e-06,7.038878886e-01,7.037607390e-01,1.271496129e-04
1.421316144e-06,7.051425457e-01,7.050157131e-01,1.268325917e-04
1.424873884e-06,7.063959330e-01,7.062694179e-01,1.265151298e-04
1.428431624e-06,7.076480568e-01,7.075218592e-01,1.261976281e-04
1.431989363e-06,7.088989234e-01,7.087730430e-01,1.258803887e-04
1.435547103e-06,7.101485392e-01,7.100229759e-01,1.255632850e-04
1.439104843e-06,7.113969103e-01,7.112716644e-01,1.252459037e-04
1.442662583e-06,7.126440429e-01,7.125191140e-01,1.249289837e-04
1.446220322e-06,7.138899434e-01,7.137653316e-01,1.246117848e-04
1.449778062e-06,7.151346177e-01,7.150103234e-01,1.242943074e-04
1.453335802e-06,7.163780722e-01,7.162540909e-01,1.239813051e-04
1.456893542e-06,7.176203127e-01,7.174966489e-01,1.236637861e-04
1.460451282e-06,7.188613455e-01,7.187379986e-01,1.233469389e-04
1.464009021e-06,7.201011765e-01,7.199781459e-01,1.230305810e-04
1.467566761e-06,7.213398118e-01,7.212170984e-01,1.227133453e-04
1.471124501e-06,7.225772572e-01,7.224548601e-01,1.223971493e-04
1.474682241e-06,7.238135189e-01,7.236914384e-01,1.220804801e-04
1.478239980e-06,7.250486026e-01,7.249268384e-01,1.217642035e-04
1.481797720e-06,7.262825143e-01,7.261610666e-01,1.214476661e-04
1.485355460e-06,7.275152598e-01,7.273941281e-01,1.211317092e-04
1.488913200e-06,7.287468450e-01,7.286260292e-01,1.208157493e-04
1.492470939e-06,7.299772756e-01,7.298567761e-01,1.204994705e-04
1.496028679e-06,7.312065574e-01,7.310863732e-01,1.201841878e-04
1.499586419e-06,7.324346962e-01,7.323148281e-01,1.198681041e-04
1.503144159e-06,7.336616976e-01,7.335421446e-01,1.195529550e-04
1.506701898e-06,7.348875674e-01,7.347683300e-01,1.192373638e-04
1.510259638e-06,7.361123111e-01,7.359933886e-01,1.189225109e-04
1.513817378e-06,7.373359346e-01,7.372173271e-01,1.186075187e-04
1.517375118e-06,7.385584432e-01,7.384401503e-01,1.182929571e-04
1.520932857e-06,7.397798426e-01,7.396618643e-01,1.179783571e-04
1.524490597e-06,7.410001384e-01,7.408824711e-01,1.176672391e-04
1.528048337e-06,7.422193360e-01,7.421019828e-01,1.173532408e-04
1.531606077e-06,7.434374410e-01,7.433204017e-01,1.170392935e-04
1.535163816e-06,7.446544587e-01,7.445377335e-01,1.167252108e-04
1.538721556e-06,7.458703947e-01,7.457539826e-01,1.164120795e-04
1.542279296e-06,7.470852542e-01,7.469691556e-01,1.160986721e-04
1.545837036e-06,7.482990429e-01,7.481832574e-01,1.157855420e-04
1.549394775e-06,7.495117659e-01,7.493962931e-01,1.154727924e-04
1.552952515e-06,7.507234285e-01,7.506082686e-01,1.151598687e-04
1.556510255e-06,7.519340362e-01,7.518191886e-01,1.148475521e-04
1.560067995e-06,7.531435941e-01,7.530290589e-01,1.145351413e-04
1.563625735e-06,7.543521074e-01,7.542378837e-01,1.142237790e-04
1.567183474e-06,7.555595816e-01,7.554456693e-01,1.139123006e-04
1.570741214e-06,7.567660216e-01,7.566524209e-01,1.136007079e-04
1.574298954e-06,7.579714327e-01,7.578581433e-01,1.132893496e-04
1.577856694e-06,7.591758200e-01,7.590628413e-01,1.129787039e-04
1.581414433e-06,7.603791886e-01,7.602665201e-01,1.126685340e-04
1.584972173e-06,7.615815438e-01,7.614691859e-01,1.123578506e-04
1.588529913e-06,7.627828903e-01,7.626708427e-01,1.120476109e-04
1.592087653e-06,7.639832334e-01,7.638714949e-01,1.117384843e-04
1.595645392e-06,7.651825780e-01,7.650711457e-01,1.114323175e-04
1.599203132e-06,7.663809292e-01,7.662698054e-01,1.111238343e-04
1.602760872e-06,7.675782918e-01,7.674674770e-01,1.108147517e-04
1.606318612e-06,7.687746709e-01,7.686641646e-01,1.105062334e-04
1.609876351e-06,7.699700712e-01,7.698598733e-01,1.101979443e-04
1.613434091e-06,7.711644979e-01,7.710546074e-01,1.098904799e-04
1.616991831e-06,7.723579556e-01,7.722483726e-01,1.095830584e-04
1.620549571e-06,7.735504493e-01,7.734411738e-01,1.092755423e-04
1.624107310e-06,7.747419838e-01,7.746330145e-01,1.089692793e-04
1.627665050e-06,7.759325638e-01,7.758239012e-01,1.086625271e-04
1.631222790e-06,7.771221941e-01,7.770138375e-01,1.083565300e-04
1.634780530e-06,7.783108794e-01,7.782028289e-01,1.080505399e-04
1.638338269e-06,7.794986245e-01,7.793908788e-01,1.077457529e-04
1.641896009e-06,7.806854342e-01,7.805779937e-01,1.074404259e-04
1.645453749e-06,7.818713130e-01,7.817641773e-01,1.071357035e-04
1.649011489e-06,7.830562655e-01,7.829494344e-01,1.068311378e-04
1.652569229e-06,7.842402965e-01,7.841337691e-01,1.065274351e-04
1.656126968e-06,7.854234106e-01,7.853171869e-01,1.062237370e-04
1.659684708e-06,7.866056123e-01,7.864996913e-01,1.059210035e-04
1.663242448e-06,7.877869062e-01,7.876812883e-01,1.056178708e-04
1.666800188e-06,7.889672967e-01,7.888619776e-01,1.053191305e-04
1.670357927e-06,7.901467885e-01,7.900417718e-01,1.050166708e-04
1.673915667e-06,7.913253860e-01,7.912206712e-01,1.047148261e-04
1.677473407e-06,7.925030937e-01,7.923986797e-01,1.044140498e-04
1.681031147e-06,7.936799160e-01,7.935758028e-01,1.041132244e-04
1.684588886e-06,7.948558574e-01,7.947520451e-01,1.038123137e-04
1.688146626e-06,7.960309222e-01,7.959274095e-01,1.035127184e-04
1.691704366e-06,7.972051149e-01,7.971019021e-01,1.032127390e-04
1.695262106e-06,7.983784397e-01,7.982755264e-01,1.029133123e-04
1.698819845e-06,7.995509011e-01,7.994482863e-01,1.026148178e-04
1.702377585e-06,8.007225033e-01,8.006201869e-01,1.023164226e-04
1.705935325e-06,8.018932507e-01,8.017912322e-01,1.020185149e-04
1.709493065e-06,8.030631475e-01,8.029614267e-01,1.017207890e-04
1.713050804e-06,8.042321979e-01,8.041307739e-01,1.014240474e-04
1.716608544e-06,8.054004062e-01,8.052992792e-01,1.011269268e-04
1.720166284e-06,8.065677766e-01,8.064669458e-01,1.008307756e-04
1.723724024e-06,8.077343132e-01,8.076337781e-01,1.005351183e-04
1.727281763e-06,8.089000204e-01,8.087997801e-01,1.002402574e-04
1.730839503e-06,8.100649021e-01,8.099649569e-01,9.994518900e-05
1.734397243e-06,8.112289625e-01,8.111293124e-01,9.965016777e-05
1.737954983e-06,8.123922057e-01,8.122928458e-01,9.935993774e-05
1.741512723e-06,8.135546358e-01,8.134555698e-01,9.906604823e-05
1.745070462e-06,8.147162570e-01,8.146174840e-01,9.877298654e-05
1.748628202e-06,8.158770730e-01,8.157785924e-01,9.848059798e-05
1.752185942e-06,8.170370882e-01,8.169388997e-01,9.818849915e-05
1.755743682e-06,8.181963063e-01,8.180984097e-01,9.789665376e-05
1.759301421e-06,8.193547314e-01,8.192571260e-01,9.760546174e-05
1.762859161e-06,8.205123676e-01,8.204150530e-01,9.731452316e-05
1.766416901e-06,8.216692186e-01,8.215721943e-01,9.702432771e-05
1.769974641e-06,8.228252884e-01,8.227285539e-01,9.673448144e-05
1.773532380e-06,8.239805811e-01,8.238841359e-01,9.644520520e-05
1.777090120e-06,8.251351003e-01,8.250389446e-01,9.615568799e-05
1.780647860e-06,8.262888500e-01,8.261929826e-01,9.586744242e-05
1.784205600e-06,8.274418341e-01,8.273462545e-01,9.557962682e-05
1.787763339e-06,8.285940562e-01,8.284987641e-01,9.529212260e-05
1.791321079e-06,8.297455205e-01,8.296505151e-01,9.500538912e-05
1.794878819e-06,8.308962303e-01,8.308015114e-01,9.471892607e-05
1.798436559e-06,8.320461897e-01,8.319517565e-01,9.443327852e-05
1.801994298e-06,8.331954025e-01,8.331012545e-01,9.414800578e-05
1.805552038e-06,8.343438722e-01,8.342500092e-01,9.386294974e-05
1.809109778e-06,8.354916025e-01,8.353980207e-01,9.358184218e-05
1.812667518e-06,8.366385973e-01,8.365453002e-01,9.329712293e-05
1.816225257e-06,8.377848602e-01,8.376918461e-01,9.301417372e-05
1.819782997e-06,8.389303949e-01,8.388376633e-01,9.273154311e-05
1.823340737e-06,8.400752048e-01,8.399827559e-01,9.244888173e-05
1.826898477e-06,8.412192938e-01,8.411271274e-01,9.216643996e-05
1.830456217e-06,8.423626654e-01,8.422707802e-01,9.188516843e-05
1.834013956e-06,8.435053232e-01,8.434137184e-01,9.160476374e-05
1.837571696e-06,8.446472707e-01,8.445559471e-01,9.132362829e-05
1.841129436e-06,8.457885115e-01,8.456974671e-01,9.104440652e-05
1.844687176e-06,8.469290492e-01,8.468382840e-01,9.076515931e-05
1.848244915e-06,8.480688871e-01,8.479784013e-01,9.048582970e-05
1.851802655e-06,8.492080290e-01,8.491178210e-01,9.020791707e-05
1.855360395e-06,8.503464781e-01,8.502565482e-01,8.992991652e-05
1.858918135e-06,8.514842380e-01,8.513945852e-01,8.965279374e-05
1.862475874e-06,8.526213121e-01,8.525319361e-01,8.937599877e-05
1.866033614e-06,8.537577039e-01,8.536686040e-01,8.909985251e-05
1.869591354e-06,8.548934167e-01,8.548045924e-01,8.882432123e-05
1.873149094e-06,8.560284540e-01,8.559399047e-01,8.854931807e-05
1.876706833e-06,8.571628191e-01,8.570745444e-01,8.827472499e-05
1.880264573e-06,8.582965154e-01,8.582085118e-01,8.800360133e-05
1.883822313e-06,8.594295462e-01,8.593418159e-01,8.773029943e-05
1.887380053e-06,8.605619148e-01,8.604744574e-01,8.745735948e-05
1.890937792e-06,8.616936246e-01,8.616064399e-01,8.718469879e-05
1.894495532e-06,8.628246788e-01,8.627377664e-01,8.691242767e-05
1.898053272e-06,8.639550808e-01,8.638684393e-01,8.664155565e-05
1.901611012e-06,8.650848337e-01,8.649984632e-01,8.637051754e-05
1.905168751e-06,8.662139409e-01,8.661278405e-01,8.610039594e-05
1.908726491e-06,8.673424055e-01,8.672565749e-01,8.583064549e-05
1.912284231e-06,8.684702308e-01,8.683846692e-01,8.556158462e-05
1.915841971e-06,8.695974199e-01,8.695121270e-01,8.529287578e-05
1.919399711e-06,8.707239761e-01,8.706389518e-01,8.502429686e-05
1.922957450e-06,8.718499025e-01,8.717651451e-01,8.475737709e-05
1.926515190e-06,8.729752022e-01,8.728907120e-01,8.449020725e-05
1.930072930e-06,8.740998783e-01,8.740156542e-01,8.422415913e-05
1.933630670e-06,8.752239342e-01,8.751399765e-01,8.395762460e-05
1.937188409e-06,8.763473726e-01,8.762636798e-01,8.369277654e-05
1.940746149e-06,8.774701968e-01,8.773867687e-01,8.342807682e-05
1.944303889e-06,8.785924099e-01,8.785092459e-01,8.316395137e-05
1.947861629e-06,8.797140148e-01,8.796311143e-01,8.290048805e-05
1.951419368e-06,8.808350147e-01,8.807523746e-01,8.264015515e-05
1.954977108e-06,8.819554126e-01,8.818730345e-01,8.237807100e-05
1.958534848e-06,8.830752114e-01,8.829930955e-01,8.211592229e-05
1.962092588e-06,8.841944141e-01,8.841125600e-01,8.185411911e-05
1.965650327e-06,8.853130239e-01,8.852314305e-01,8.159335237e-05
1.969208067e-06,8.864310434e-01,8.863497101e-01,8.133336821e-05
1.972765807e-06,8.875484759e-01,8.874674018e-01,8.107413449e-05
1.976323547e-06,8.886653242e-01,8.885845095e-01,8.081463750e-05
1.979881286e-06,8.897815911e-01,8.897010347e-01,8.055641949e-05
1.983439026e-06,8.908972796e-01,8.908169810e-01,8.029854822e-05
1.986996766e-06,8.920123927e-01,8.919323518e-01,8.004085853e-05
1.990554506e-06,8.931269330e-01,8.930471488e-01,7.978421237e-05
1.994112245e-06,8.942409036e-01,8.941613758e-01,7.952779394e-05
1.997669985e-06,8.953543073e-01,8.952750349e-01,7.927241645e-05
2.001227725e-06,8.964671469e-01,8.963881300e-01,7.901692514e-05
2.004785465e-06,8.975794253e-01,8.975006628e-01,7.876251781e-05
2.008343205e-06,8.986911451e-01,8.986126372e-01,7.850799265e-05
2.011900944e-06,8.998023093e-01,8.997240546e-01,7.825475328e-05
2.015458684e-06,9.009129206e-01,9.008349181e-01,7.800250089e-05
2.019016424e-06,9.020229817e-01,9.019452316e-01,7.775007993e-05
2.022574164e-06,9.031324955e-01,9.030549937e-01,7.750175835e-05
2.026131903e-06,9.042414646e-01,9.041642140e-01,7.725060502e-05
2.029689643e-06,9.053498917e-01,9.052728920e-01,7.699977381e-05
2.033247383e-06,9.064577796e-01,9.063810300e-01,7.674963120e-05
2.036805123e-06,9.075651311e-01,9.074886307e-01,7.650036597e-05
2.040362862e-06,9.086719486e-01,9.085956969e-01,7.625168843e-05
2.043920602e-06,9.097782349e-01,9.097022318e-01,7.600318827e-05
2.047478342e-06,9.108839927e-01,9.108082367e-01,7.575602154e-05
2.051036082e-06,9.119892247e-01,9.119137154e-01,7.550933040e-05
2.054593821e-06,9.130939334e-01,9.130186711e-01,7.526225717e-05
2.058151561e-06,9.141981214e-01,9.141231050e-01,7.501643360e-05
2.061709301e-06,9.153017914e-01,9.152270199e-01,7.477144527e-05
2.065267041e-06,9.164049459e-01,9.163304192e-01,7.452669418e-05
2.068824780e-06,9.175075875e-01,9.174333050e-01,7.428249734e-05
2.072382520e-06,9.186097188e-01,9.185356799e-01,7.403893624e-05
2.075940260e-06,9.197113424e-01,9.196375465e-01,7.379583001e-05
2.079498000e-06,9.208124606e-01,9.207389073e-01,7.355335911e-05
2.083055739e-06,9.219130763e-01,9.218397645e-01,7.331174987e-05
2.086613479e-06,9.230131917e-01,9.229401211e-01,7.307056827e-05
2.090171219e-06,9.241128093e-01,9.240399792e-01,7.283009117e-05
2.093728959e-06,9.252119318e-01,9.251393386e-01,7.259314407e-05
2.097286698e-06,9.263105615e-01,9.262382080e-01,7.235348271e-05
2.100844438e-06,9.274087010e-01,9.273365868e-01,7.211420065e-05
2.104402178e-06,9.285063526e-01,9.284344761e-01,7.187652790e-05
2.107959918e-06,9.296035189e-01,9.295318802e-01,7.163870321e-05
2.111517658e-06,9.307002021e-01,9.306288004e-01,7.140175761e-05
2.115075397e-06,9.317964049e-01,9.317252397e-01,7.116513223e-05
2.118633137e-06,9.328921295e-01,9.328212009e-01,7.092857064e-05
2.122190877e-06,9.339873782e-01,9.339166846e-01,7.069366491e-05
2.125748617e-06,9.350821537e-01,9.350116951e-01,7.045860323e-05
2.129306356e-06,9.361764581e-01,9.361062337e-01,7.022436178e-05
2.132864096e-06,9.372702938e-01,9.372003032e-01,6.999066139e-05
2.136421836e-06,9.383636632e-01,9.382939052e-01,6.975808052e-05
2.139979576e-06,9.394565686e-01,9.393870433e-01,6.952532118e-05
2.143537315e-06,9.405490124e-01,9.404797187e-01,6.929370419e-05
2.147095055e-06,9.416409967e-01,9.415719345e-01,6.906226250e-05
2.150652795e-06,9.427325240e-01,9.426636922e-01,6.883184923e-05
2.154210535e-06,9.438235966e-01,9.437549954e-01,6.860120785e-05
2.157768274e-06,9.449142165e-01,9.448458444e-01,6.837207878e-05
2.161326014e-06,9.460043862e-01,9.459362430e-01,6.814320008e-05
2.164883754e-06,9.470941080e-01,9.470261901e-01,6.791789246e-05
2.168441494e-06,9.481833838e-01,9.481156941e-01,6.768979361e-05
2.171999233e-06,9.492722163e-01,9.492047536e-01,6.746272710e-05
2.175556973e-06,9.503606074e-01,9.502933710e-01,6.723637132e-05
2.179114713e-06,9.514485593e-01,9.513815496e-01,6.700973698e-05
2.182672453e-06,9.525360743e-01,9.524692897e-01,6.678453918e-05
2.186230192e-06,9.536231546e-01,9.535565948e-01,6.655984971e-05
2.189787932e-06,9.547098023e-01,9.546434667e-01,6.633562713e-05
2.193345672e-06,9.557960196e-01,9.557299082e-01,6.611138163e-05
2.196903412e-06,9.568818086e-01,9.568159199e-01,6.588875907e-05
2.200461152e-06,9.579671715e-01,9.579015055e-01,6.566603944e-05
2.204018891e-06,9.590521105e-01,9.589866667e-01,6.544380059e-05
2.207576631e-06,9.601366275e-01,9.600714047e-01,6.522276287e-05
2.211134371e-06,9.612207247e-01,9.611557234e-01,6.500130833e-05
2.214692111e-06,9.623044043e-01,9.622396229e-01,6.478141538e-05
2.218249850e-06,9.633876683e-01,9.633231061e-01,6.456228350e-05
2.221807590e-06,9.644705188e-01,9.644061761e-01,6.434271140e-05
2.225365330e-06,9.655529579e-01,9.654888337e-01,6.412416472e-05
2.228923070e-06,9.666349876e-01,9.665710813e-01,6.390627623e-05
2.232480809e-06,9.677166100e-01,9.676529205e-01,6.368951537e-05
2.236038549e-06,9.687978270e-01,9.687343515e-01,6.347548742e-05
2.239596289e-06,9.698786407e-01,9.698153818e-01,6.325887932e-05
2.243154029e-06,9.709590533e-01,9.708960094e-01,6.304383140e-05
2.246711768e-06,9.720390665e-01,9.719762377e-01,6.282881512e-05
2.250269508e-06,9.731186824e-01,9.730560678e-01,6.261462530e-05
2.253827248e-06,9.741979032e-01,9.741355026e-01,6.240059563e-05
2.257384988e-06,9.752767305e-01,9.752145433e-01,6.218722697e-05
2.260942727e-06,9.763551666e-01,9.762931923e-01,6.197428186e-05
2.264500467e-06,9.774332132e-01,9.773714506e-01,6.176263325e-05
2.268058207e-06,9.785108725e-01,9.784493215e-01,6.155102209e-05
2.271615947e-06,9.795881461e-01,9.795268063e-01,6.133983058e-05
2.275173686e-06,9.806650363e-01,9.806039068e-01,6.112954228e-05
2.278731426e-06,9.817415448e-01,9.816806252e-01,6.091950737e-05
2.282289166e-06,9.828176735e-01,9.827569633e-01,6.071017766e-05
2.285846906e-06,9.838934244e-01,9.838329227e-01,6.050168121e-05
2.289404646e-06,9.849687993e-01,9.849085054e-01,6.029391050e-05
2.292962385e-06,9.860438001e-01,9.859837140e-01,6.008602351e-05
2.296520125e-06,9.871184287e-01,9.870585493e-01,5.987931010e-05
2.300077865e-06,9.881926869e-01,9.881330140e-01,5.967292874e-05
2.303635605e-06,9.892665766e-01,9.892071096e-01,5.946705612e-05
2.307193344e-06,9.903400997e-01,9.902808351e-01,5.926453681e-05
2.310751084e-06,9.914132578e-01,9.913541977e-01,5.906014228e-05
2.314308824e-06,9.924860530e-01,9.924271969e-01,5.885613352e-05
2.317866564e-06,9.935584870e-01,9.934998348e-01,5.865220402e-05
2.321424303e-06,9.946305616e-01,9.945721117e-01,5.844988711e-05
2.324982043e-06,9.957022786e-01,9.956440316e-01,5.824703852e-05
2.328539783e-06,9.967736398e-01,9.967155941e-01,5.804561325e-05
2.332097523e-06,9.978446469e-01,9.977868030e-01,5.784384937e-05
2.335655262e-06,9.989153018e-01,9.988576582e-01,5.764351554e-05
2.339213002e-06,9.999856064e-01,9.999281635e-01,5.744294252e-05
2.342770742e-06,1.001055561e+00,1.000998322e+00,5.723956738e-05
2.346328482e-06,1.002125170e+00,1.002068128e+00,5.704225382e-05
2.349886221e-06,1.003194434e+00,1.003137587e+00,5.684659967e-05
2.353443961e-06,1.004263353e+00,1.004206703e+00,5.665060843e-05
2.357001701e-06,1.005331931e+00,1.005275478e+00,5.645327786e-05
2.360559441e-06,1.006400169e+00,1.006343913e+00,5.625594728e-05
2.364117180e-06,1.007468068e+00,1.007412008e+00,5.606028137e-05
2.367674920e-06,1.008535631e+00,1.008479769e+00,5.586222832e-05
2.371232660e-06,1.009602859e+00,1.009547193e+00,5.566555741e-05
2.374790400e-06,1.010669753e+00,1.010614277e+00,5.547622683e-05
2.378348140e-06,1.011736315e+00,1.011681034e+00,5.528115283e-05
2.381905879e-06,1.012802547e+00,1.012747457e+00,5.509016464e-05
2.385463619e-06,1.013868452e+00,1.013813557e+00,5.489475234e-05
2.389021359e-06,1.014934029e+00,1.014879326e+00,5.470267537e-05
2.392579099e-06,1.015999281e+00,1.015944768e+00,5.451271921e-05
2.396136838e-06,1.017064210e+00,1.017009887e+00,5.432264424e-05
2.399694578e-06,1.018128816e+00,1.018074685e+00,5.413091462e-05
2.403252318e-06,1.019193102e+00,1.019139164e+00,5.393886067e-05
2.406810058e-06,1.020257070e+00,1.020203321e+00,5.374880872e-05
2.410367797e-06,1.021320721e+00,1.021267159e+00,5.356175878e-05
2.413925537e-06,1.022384056e+00,1.022330683e+00,5.337288332e-05
2.417483277e-06,1.023447077e+00,1.023393890e+00,5.318686841e-05
2.421041017e-06,1.024509785e+00,1.024456787e+00,5.299886151e-05
2.424598756e-06,1.025572183e+00,1.025519373e+00,5.281054429e-05
2.428156496e-06,1.026634272e+00,1.026581646e+00,5.262601217e-05
2.431714236e-06,1.027696053e+00,1.027643619e+00,5.243452109e-05
2.435271976e-06,1.028757528e+00,1.028705274e+00,5.225390158e-05
2.438829715e-06,1.029818698e+00,1.029766626e+00,5.207209619e-05
2.442387455e-06,1.030879565e+00,1.030827678e+00,5.188728879e-05
2.445945195e-06,1.031940131e+00,1.031888430e+00,5.170116708e-05
2.449502935e-06,1.033000396e+00,1.032948878e+00,5.151802572e-05
2.453060674e-06,1.034060363e+00,1.034009026e+00,5.133629792e-05
2.456618414e-06,1.035120033e+00,1.035068877e+00,5.115554774e-05
2.460176154e-06,1.036179406e+00,1.036128430e+00,5.097611652e-05
2.463733894e-06,1.037238486e+00,1.037187690e+00,5.079576974e-05
2.467291634e-06,1.038297274e+00,1.038246657e+00,5.061609600e-05
2.470849373e-06,1.039355769e+00,1.039305334e+00,5.043510494e-05
2.474407113e-06,1.040413976e+00,1.040363724e+00,5.025215456e-05
2.477964853e-06,1.041471894e+00,1.041421820e+00,5.007385119e-05
2.481522593e-06,1.042529524e+00,1.042479626e+00,4.989853980e-05
2.485080332e-06,1.043586870e+00,1.043537152e+00,4.971861781e-05
2.488638072e-06,1.044643932e+00,1.044594390e+00,4.954208685e-05
2.492195812e-06,1.045700710e+00,1.045651345e+00,4.936556826e-05
2.495753552e-06,1.046757209e+00,1.046708020e+00,4.918904968e-05
2.499311291e-06,1.047813427e+00,1.047764414e+00,4.901253109e-05
2.502869031e-06,1.048869366e+00,1.048820529e+00,4.883771621e-05
2.506426771e-06,1.049925029e+00,1.049876363e+00,4.866631273e-05
2.509984511e-06,1.050980416e+00,1.050931924e+00,4.849175447e-05
2.513542250e-06,1.052035529e+00,1.051987207e+00,4.832135200e-05
2.517099990e-06,1.053090369e+00,1.053042220e+00,4.814837095e-05
2.520657730e-06,1.054144937e+00,1.054096960e+00,4.797665552e-05
2.524215470e-06,1.055199236e+00,1.055151431e+00,4.780519762e-05
2.527773209e-06,1.056253265e+00,1.056205630e+00,4.763444043e-05
2.531330949e-06,1.057307027e+00,1.057259563e+00,4.746490203e-05
2.534888689e-06,1.058360523e+00,1.058313232e+00,4.729156526e-05
2.538446429e-06,1.059413755e+00,1.059366631e+00,4.712351077e-05
2.542004168e-06,1.060466723e+00,1.060419770e+00,4.695287970e-05
2.545561908e-06,1.061519428e+00,1.061472641e+00,4.678680177e-05
2.549119648e-06,1.062571873e+00,1.062525257e+00,4.661604499e-05
2.552677388e-06,1.063624058e+00,1.063577607e+00,4.645070279e-05
2.556235128e-06,1.064675985e+00,1.064629703e+00,4.628264772e-05
2.559792867e-06,1.065727656e+00,1.065681540e+00,4.611545209e-05
2.563350607e-06,1.066779069e+00,1.066733117e+00,4.595197918e-05
2.566908347e-06,1.067830230e+00,1.067784444e+00,4.578523199e-05
2.570466087e-06,1.068881136e+00,1.068835519e+00,4.561758833e-05
2.574023826e-06,1.069931792e+00,1.069886335e+00,4.545629160e-05
2.577581566e-06,1.070982196e+00,1.070936909e+00,4.528735964e-05
2.581139306e-06,1.072032352e+00,1.071987225e+00,4.512679865e-05
2.584697046e-06,1.073082259e+00,1.073037299e+00,4.496031114e-05
2.588254785e-06,1.074131919e+00,1.074087122e+00,4.479708990e-05
2.591812525e-06,1.075181334e+00,1.075136694e+00,4.463995324e-05
2.595370265e-06,1.076230504e+00,1.076186027e+00,4.447718678e-05
2.598928005e-06,1.077279431e+00,1.077235111e+00,4.431985228e-05
2.602485744e-06,1.078328116e+00,1.078283961e+00,4.415510531e-05
2.606043484e-06,1.079376561e+00,1.079332563e+00,4.399779431e-05
2.609601224e-06,1.080424765e+00,1.080380927e+00,4.383821856e-05
2.613158964e-06,1.081472732e+00,1.081429056e+00,4.367564177e-05
2.616716703e-06,1.082520461e+00,1.082476938e+00,4.352380424e-05
2.620274443e-06,1.083567954e+00,1.083524589e+00,4.336597071e-05
2.623832183e-06,1.084615213e+00,1.084572009e+00,4.320387893e-05
2.627389923e-06,1.085662239e+00,1.085619190e+00,4.304879315e-05
2.630947662e-06,1.086709031e+00,1.086666138e+00,4.289339753e-05
2.634505402e-06,1.087755592e+00,1.087712858e+00,4.273405650e-05
2.638063142e-06,1.088801923e+00,1.088759345e+00,4.257764987e-05
2.641620882e-06,1.089848026e+00,1.089805603e+00,4.242297598e-05
2.645178622e-06,1.090893900e+00,1.090851632e+00,4.226787318e-05
2.648736361e-06,1.091939547e+00,1.091897429e+00,4.211819429e-05
2.652294101e-06,1.092984970e+00,1.092943006e+00,4.196399887e-05
2.655851841e-06,1.094030167e+00,1.093988354e+00,4.181266485e-05
2.659409581e-06,1.095075142e+00,1.095033481e+00,4.166121918e-05
2.662967320e-06,1.096119894e+00,1.096078384e+00,4.150970827e-05
2.666525060e-06,1.097164425e+00,1.097123070e+00,4.135500774e-05
2.670082800e-06,1.098208736e+00,1.098167535e+00,4.120030720e-05
2.673640540e-06,1.099252828e+00,1.099211771e+00,4.105735841e-05
2.677198279e-06,1.100296702e+00,1.100255796e+00,4.090616438e-05
2.680756019e-06,1.101340360e+00,1.101299609e+00,4.075103895e-05
2.684313759e-06,1.102383801e+00,1.102343195e+00,4.060603358e-05
2.687871499e-06,1.103427029e+00,1.103386578e+00,4.045140664e-05
2.691429238e-06,1.104470043e+00,1.104429732e+00,4.031097638e-05
2.694986978e-06,1.105512845e+00,1.105472684e+00,4.016033443e-05
2.698544718e-06,1.106555435e+00,1.106515426e+00,4.000919799e-05
2.702102458e-06,1.107597815e+00,1.107557950e+00,3.986528924e-05
2.705660197e-06,1.108639986e+00,1.108600263e+00,3.972239051e-05
2.709217937e-06,1.109681948e+00,1.109642374e+00,3.957400982e-05
2.712775677e-06,1.110723703e+00,1.110684277e+00,3.942588586e-05
2.716333417e-06,1.111765253e+00,1.111725968e+00,3.928450217e-05
2.719891156e-06,1.112806597e+00,1.112767459e+00,3.913787724e-05
2.723448896e-06,1.113847737e+00,1.113808741e+00,3.899606959e-05
2.727006636e-06,1.114888674e+00,1.114849821e+00,3.885244766e-05
2.730564376e-06,1.115929409e+00,1.115890701e+00,3.870758950e-05
2.734122115e-06,1.116969943e+00,1.116931378e+00,3.856442299e-05
2.737679855e-06,1.118010277e+00,1.117971856e+00,3.842100530e-05
2.741237595e-06,1.119050412e+00,1.119012127e+00,3.828500984e-05
2.744795335e-06,1.120090349e+00,1.120052206e+00,3.814246243e-05
2.748353075e-06,1.121130089e+00,1.121092085e+00,3.800314625e-05
2.751910814e-06,1.122169633e+00,1.122131772e+00,3.786024406e-05
2.755468554e-06,1.123208982e+00,1.123171261e+00,3.772069865e-05
2.759026294e-06,1.124248136e+00,1.124210558e+00,3.757855322e-05
2.762584034e-06,1.125287098e+00,1.125249656e+00,3.744178458e-05
2.766141773e-06,1.126325867e+00,1.126288564e+00,3.730279973e-05
2.769699513e-06,1.127364445e+00,1.127327280e+00,3.716541607e-05
2.773257253e-06,1.128402833e+00,1.128365808e+00,3.702521800e-05
2.776814993e-06,1.129441032e+00,1.129404143e+00,3.688860511e-05
2.780372732e-06,1.130479042e+00,1.130442290e+00,3.675141805e-05
2.783930472e-06,1.131516865e+00,1.131480246e+00,3.661936372e-05
2.787488212e-06,1.132554501e+00,1.132518021e+00,3.648073781e-05
2.791045952e-06,1.133591952e+00,1.133555607e+00,3.634491912e-05
2.794603691e-06,1.134629219e+00,1.134593012e+00,3.620686078e-05
2.798161431e-06,1.135666301e+00,1.135630227e+00,3.607458522e-05
2.801719171e-06,1.136703201e+00,1.136667261e+00,3.593951988e-05
2.805276911e-06,1.137739919e+00,1.137704104e+00,3.581522795e-05
2.808834650e-06,1.138776456e+00,1.138740778e+00,3.567795589e-05
2.812392390e-06,1.139812813e+00,1.139777270e+00,3.554295775e-05
2.815950130e-06,1.140848990e+00,1.140813575e+00,3.541478115e-05
2.819507870e-06,1.141884990e+00,1.141849707e+00,3.528276599e-05
2.823065609e-06,1.142920812e+00,1.142885660e+00,3.515186230e-05
2.826623349e-06,1.143956459e+00,1.143921444e+00,3.501496261e-05
2.830181089e-06,1.144991928e+00,1.144957036e+00,3.489186272e-05
2.833738829e-06,1.146027223e+00,1.145992468e+00,3.475560632e-05
2.837296569e-06,1.147062345e+00,1.147027720e+00,3.462530523e-05
2.840854308e-06,1.148097294e+00,1.148062793e+00,3.450121336e-05
2.844412048e-06,1.149132070e+00,1.149097703e+00,3.436733133e-05
2.847969788e-06,1.150166675e+00,1.150132435e+00,3.424004426e-05
2.851527528e-06,1.151201111e+00,1.151166997e+00,3.411356699e-05
2.855085267e-06,1.152235376e+00,1.152201387e+00,3.398847676e-05
2.858643007e-06,1.153269472e+00,1.153235617e+00,3.385537851e-05
2.862200747e-06,1.154303401e+00,1.154269668e+00,3.373271807e-05
2.865758487e-06,1.155337163e+00,1.155303558e+00,3.360461382e-05
2.869316226e-06,1.156370758e+00,1.156337277e+00,3.348030837e-05
2.872873966e-06,1.157404189e+00,1.157370837e+00,3.335180472e-05
2.876431706e-06,1.158437454e+00,1.158404225e+00,3.322968739e-05
2.879989446e-06,1.159470556e+00,1.159437445e+00,3.311068109e-05
2.883547185e-06,1.160503495e+00,1.160470512e+00,3.298249000e-05
2.887104925e-06,1.161536272e+00,1.161503411e+00,3.286079271e-05
2.890662665e-06,1.162568887e+00,1.162536151e+00,3.273643206e-05
2.894220405e-06,1.163601343e+00,1.163568729e+00,3.261355559e-05
2.897778144e-06,1.164633639e+00,1.164601147e+00,3.249149393e-05
2.901335884e-06,1.165665775e+00,1.165633405e+00,3.236961847e-05
2.904893624e-06,1.166697754e+00,1.166665503e+00,3.225055981e-05
2.908451364e-06,1.167729575e+00,1.167697449e+00,3.212574511e-05
2.912009103e-06,1.168761240e+00,1.168729237e+00,3.200350027e-05
2.915566843e-06,1.169792750e+00,1.169760864e+00,3.188525943e-05
2.919124583e-06,1.170824104e+00,1.170792340e+00,3.176423752e-05
2.922682323e-06,1.171855304e+00,1.171823657e+00,3.164681750e-05
2.926240063e-06,1.172886351e+00,1.172854824e+00,3.152722632e-05
2.929797802e-06,1.173917245e+00,1.173885839e+00,3.140600720e-05
2.933355542e-06,1.174947987e+00,1.174916696e+00,3.129142203e-05
2.936913282e-06,1.175978578e+00,1.175947411e+00,3.116718890e-05
2.940471022e-06,1.177009020e+00,1.176977967e+00,3.105226338e-05
2.944028761e-06,1.178039311e+00,1.178008373e+00,3.093752204e-05
2.947586501e-06,1.179069453e+00,1.179038635e+00,3.081800043e-05
2.951144241e-06,1.180099448e+00,1.180068741e+00,3.070692832e-05
2.954701981e-06,1.181129295e+00,1.181098705e+00,3.058933344e-05
2.958259720e-06,1.182158995e+00,1.182128519e+00,3.047556238e-05
2.961817460e-06,1.183188549e+00,1.183158194e+00,3.035578531e-05
2.965375200e-06,1.184217958e+00,1.184187717e+00,3.024083608e-05
2.968932940e-06,1.185247223e+00,1.185217093e+00,3.013062883e-05
2.972490679e-06,1.186276345e+00,1.186246327e+00,3.001743759e-05
2.976048419e-06,1.187305323e+00,1.187275421e+00,2.990233320e-05
2.979606159e-06,1.188334158e+00,1.188304373e+00,2.978545079e-05
2.983163899e-06,1.189362853e+00,1.189333177e+00,2.967595725e-05
2.986721638e-06,1.190391406e+00,1.190361840e+00,2.956584785e-05
2.990279378e-06,1.191419820e+00,1.191390372e+00,2.944777124e-05
2.993837118e-06,1.192448093e+00,1.192418756e+00,2.933714858e-05
2.997394858e-06,1.193476229e+00,1.193446999e+00,2.922987902e-05
3.000952597e-06,1.194504226e+00,1.194475110e+00,2.911546107e-05
3.004510337e-06,1.195532086e+00,1.195503083e+00,2.900302835e-05
3.008068077e-06,1.196559808e+00,1.196530915e+00,2.889344348e-05
3.011625817e-06,1.197587396e+00,1.197558607e+00,2.878870946e-05
3.015183557e-06,1.198614847e+00,1.198586169e+00,2.867813359e-05
3.018741296e-06,1.199642164e+00,1.199613597e+00,2.856741222e-05
3.022299036e-06,1.200669347e+00,1.200640888e+00,2.845868481e-05
3.025856776e-06,1.201696397e+00,1.201668040e+00,2.835681426e-05
3.029414516e-06,1.202723313e+00,1.202695070e+00,2.824318376e-05
3.032972255e-06,1.203750099e+00,1.203721961e+00,2.813717107e-05
3.036529995e-06,1.204776752e+00,1.204748723e+00,2.802931453e-05
3.040087735e-06,1.205803275e+00,1.205775352e+00,2.792237472e-05
3.043645475e-06,1.206829668e+00,1.206801852e+00,2.781542490e-05
3.047203214e-06,1.207855931e+00,1.207828223e+00,2.770843123e-05
3.050760954e-06,1.208882067e+00,1.208854463e+00,2.760432926e-05
3.054318694e-06,1.209908073e+00,1.209880573e+00,2.750020545e-05
3.057876434e-06,1.210933953e+00,1.210906562e+00,2.739095734e-05
3.061434173e-06,1.211959705e+00,1.211932413e+00,2.729284855e-05
3.064991913e-06,1.212985332e+00,1.212958142e+00,2.719045929e-05
3.068549653e-06,1.214010833e+00,1.213983751e+00,2.708220316e-05
3.072107393e-06,1.215036209e+00,1.215009230e+00,2.697884112e-05
3.075665132e-06,1.216061461e+00,1.216034588e+00,2.687240262e-05
3.079222872e-06,1.217086589e+00,1.217059818e+00,2.677105259e-05
3.082780612e-06,1.218111594e+00,1.218084926e+00,2.666751919e-05
3.086338352e-06,1.219136476e+00,1.219109905e+00,2.657106005e-05
3.089896091e-06,1.220161237e+00,1.220134770e+00,2.646732695e-05
3.093453831e-06,1.221185877e+00,1.221159508e+00,2.636865707e-05
3.097011571e-06,1.222210396e+00,1.222184127e+00,2.626909343e-05
3.100569311e-06,1.223234794e+00,1.223208625e+00,2.616956170e-05
3.104127051e-06,1.224259074e+00,1.224233011e+00,2.606264744e-05
3.107684790e-06,1.225283235e+00,1.225257269e+00,2.596585144e-05
3.111242530e-06,1.226307278e+00,1.226281407e+00,2.587020372e-05
3.114800270e-06,1.227331202e+00,1.227305434e+00,2.576826544e-05
3.118358010e-06,1.228355010e+00,1.228329341e+00,2.566847545e-05
3.121915749e-06,1.229378702e+00,1.229353128e+00,2.557344321e-05
3.125473489e-06,1.230402277e+00,1.230376805e+00,2.547153810e-05
3.129031229e-06,1.231425737e+00,1.231400362e+00,2.537463699e-05
3.132588969e-06,1.232449083e+00,1.232423808e+00,2.527441443e-05
3.136146708e-06,1.233472314e+00,1.233447135e+00,2.517939420e-05
3.139704448e-06,1.234495432e+00,1.234470351e+00,2.508115362e-05
3.143262188e-06,1.235518437e+00,1.235493448e+00,2.498925565e-05
3.146819928e-06,1.236541329e+00,1.236516443e+00,2.488664657e-05
3.150377667e-06,1.237564109e+00,1.237539319e+00,2.479051823e-05
3.153935407e-06,1.238586779e+00,1.238562085e+00,2.469428479e-05
3.157493147e-06,1.239609337e+00,1.239584731e+00,2.460617348e-05
3.161050887e-06,1.240631786e+00,1.240607273e+00,2.451243557e-05
3.164608626e-06,1.241654124e+00,1.241629708e+00,2.441592544e-05
3.168166366e-06,1.242676353e+00,1.242652034e+00,2.431971169e-05
3.171724106e-06,1.243698475e+00,1.243674249e+00,2.422608344e-05
3.175281846e-06,1.244720488e+00,1.244696354e+00,2.413366648e-05
3.178839585e-06,1.245742393e+00,1.245718349e+00,2.404403322e-05
3.182397325e-06,1.246764191e+00,1.246740243e+00,2.394828686e-05
3.185955065e-06,1.247785883e+00,1.247762028e+00,2.385499502e-05
3.189512805e-06,1.248807470e+00,1.248783702e+00,2.376714255e-05
3.193070545e-06,1.249828950e+00,1.249805277e+00,2.367338818e-05
3.196628284e-06,1.250850326e+00,1.250826741e+00,2.358491316e-05
3.200186024e-06,1.251871598e+00,1.251848105e+00,2.349305768e-05
3.203743764e-06,1.252892766e+00,1.252869369e+00,2.339719820e-05
3.207301504e-06,1.253913831e+00,1.253890523e+00,2.330823662e-05
3.210859243e-06,1.254934793e+00,1.254911577e+00,2.321627304e-05
3.214416983e-06,1.255955653e+00,1.255932521e+00,2.313174397e-05
3.217974723e-06,1.256976410e+00,1.256953374e+00,2.303643496e-05
3.221532463e-06,1.257997068e+00,1.257974118e+00,2.294982681e-05
3.225090202e-06,1.259017623e+00,1.258994761e+00,2.286186523e-05
3.228647942e-06,1.260038079e+00,1.260015304e+00,2.277471746e-05
3.232205682e-06,1.261058435e+00,1.261035744e+00,2.269053093e-05
3.235763422e-06,1.262078692e+00,1.262056097e+00,2.259497946e-05
3.239321161e-06,1.263098850e+00,1.263076340e+00,2.251073631e-05
3.242878901e-06,1.264118910e+00,1.264096483e+00,2.242718989e-05
3.246436641e-06,1.265138873e+00,1.265116535e+00,2.233743621e-05
3.249994381e-06,1.266158738e+00,1.266136488e+00,2.225028916e-05
3.253552120e-06,1.267178506e+00,1.267156340e+00,2.216605903e-05
3.257109860e-06,1.268198179e+00,1.268176103e+00,2.207583291e-05
3.260667600e-06,1.269217755e+00,1.269195765e+00,2.199004420e-05
3.264225340e-06,1.270237235e+00,1.270215327e+00,2.190831058e-05
3.267783079e-06,1.271256621e+00,1.271234799e+00,2.182251086e-05
3.271340819e-06,1.272275913e+00,1.272254180e+00,2.173261505e-05
3.274898559e-06,1.273295112e+00,1.273273462e+00,2.164923276e-05
3.278456299e-06,1.274314216e+00,1.274292645e+00,2.157155320e-05
3.282014038e-06,1.275333227e+00,1.275311746e+00,2.148156930e-05
3.285571778e-06,1.276352147e+00,1.276330747e+00,2.139957338e-05
3.289129518e-06,1.277370973e+00,1.277349659e+00,2.131428720e-05
3.292687258e-06,1.278389709e+00,1.278368470e+00,2.123885887e-05
3.296244998e-06,1.279408353e+00,1.279387201e+00,2.115184693e-05
3.299802737e-06,1.280426907e+00,1.280405832e+00,2.107442762e-05
3.303360477e-06,1.281445370e+00,1.281424380e+00,2.099019445e-05
3.306918217e-06,1.282463744e+00,1.282442831e+00,2.091278486e-05
3.310475957e-06,1.283482028e+00,1.283461202e+00,2.082660954e-05
3.314033696e-06,1.284500224e+00,1.284479482e+00,2.074149428e-05
3.317591436e-06,1.285518331e+00,1.285497663e+00,2.066775533e-05
3.321149176e-06,1.286536350e+00,1.286515764e+00,2.058650893e-05
3.324706916e-06,1.287554282e+00,1.287533774e+00,2.050832160e-05
3.328264655e-06,1.288572126e+00,1.288551704e+00,2.042212626e-05
3.331822395e-06,1.289589884e+00,1.289569545e+00,2.033985985e-05
3.335380135e-06,1.290607556e+00,1.290587295e+00,2.026136417e-05
3.338937875e-06,1.291625142e+00,1.291604955e+00,2.018709576e-05
3.342495614e-06,1.292642642e+00,1.292622535e+00,2.010761810e-05
3.346053354e-06,1.293660059e+00,1.293640034e+00,2.002442279e-05
3.349611094e-06,1.294677389e+00,1.294657444e+00,1.994495515e-05
3.353168834e-06,1.295694637e+00,1.295674764e+00,1.987261766e-05
3.356726573e-06,1.296711800e+00,1.296692004e+00,1.979611298e-05
3.360284313e-06,1.297728880e+00,1.297709163e+00,1.971672244e-05
3.363842053e-06,1.298745877e+00,1.298726233e+00,1.964438396e-05
3.367399793e-06,1.299762792e+00,1.299743232e+00,1.955998842e-05
3.370957532e-06,1.300779625e+00,1.300760141e+00,1.948359087e-05
3.374515272e-06,1.301796376e+00,1.301776967e+00,1.940899830e-05
3.378073012e-06,1.302813046e+00,1.302793707e+00,1.933959752e-05
3.381630752e-06,1.303829636e+00,1.303810376e+00,1.926014570e-05
3.385188492e-06,1.304846144e+00,1.304826955e+00,1.918961071e-05
3.388746231e-06,1.305862573e+00,1.305843463e+00,1.911024206e-05
3.392303971e-06,1.306878923e+00,1.306859892e+00,1.903074419e-05
3.395861711e-06,1.307895193e+00,1.307876231e+00,1.896229337e-05
3.399419451e-06,1.308911384e+00,1.308892499e+00,1.888479851e-05
3.402977190e-06,1.309927497e+00,1.309908688e+00,1.880930564e-05
3.406534930e-06,1.310943532e+00,1.310924796e+00,1.873581478e-05
3.410092670e-06,1.311959489e+00,1.311940825e+00,1.866432592e-05
3.413650410e-06,1.312975370e+00,1.312956773e+00,1.859679903e-05
3.417208149e-06,1.313991172e+00,1.313972651e+00,1.852132209e-05
3.420765889e-06,1.315006900e+00,1.314988449e+00,1.845077417e-05
3.424323629e-06,1.316022550e+00,1.316004177e+00,1.837330633e-05
3.427881369e-06,1.317038125e+00,1.317019825e+00,1.829980446e-05
3.431439108e-06,1.318053625e+00,1.318035393e+00,1.823222460e-05
3.434996848e-06,1.319069049e+00,1.319050891e+00,1.815872173e-05
3.438554588e-06,1.320084400e+00,1.320066318e+00,1.808125680e-05
3.442112328e-06,1.321099676e+00,1.321081656e+00,1.801960892e-05
3.445670067e-06,1.322114878e+00,1.322096931e+00,1.794691062e-05
3.449227807e-06,1.323130007e+00,1.323112128e+00,1.787835647e-05
3.452785547e-06,1.324145063e+00,1.324127256e+00,1.780683936e-05
3.456343287e-06,1.325160045e+00,1.325142313e+00,1.773230023e-05
3.459901026e-06,1.326174956e+00,1.326157290e+00,1.766564212e-05
3.463458766e-06,1.327189795e+00,1.327172198e+00,1.759710900e-05
3.467016506e-06,1.328204561e+00,1.328187035e+00,1.752643688e-05
3.470574246e-06,1.329219258e+00,1.329201802e+00,1.745588573e-05
3.474131986e-06,1.330233882e+00,1.330216489e+00,1.739320060e-05
3.477689725e-06,1.331248437e+00,1.331231116e+00,1.732065846e-05
3.481247465e-06,1.332262920e+00,1.332245663e+00,1.725693930e-05
3.484805205e-06,1.333277334e+00,1.333260150e+00,1.718440717e-05
3.488362945e-06,1.334291679e+00,1.334274566e+00,1.711286604e-05
3.491920684e-06,1.335305954e+00,1.335288903e+00,1.705113786e-05
3.495478424e-06,1.336320161e+00,1.336303180e+00,1.698138266e-05
3.499036164e-06,1.337334299e+00,1.337317386e+00,1.691285654e-05
3.502593904e-06,1.338348369e+00,1.338331523e+00,1.684611035e-05
3.506151643e-06,1.339362372e+00,1.339345589e+00,1.678232612e-05
3.509709383e-06,1.340376306e+00,1.340359595e+00,1.671080300e-05
3.513267123e-06,1.341390174e+00,1.341373522e+00,1.665210775e-05
3.516824863e-06,1.342403974e+00,1.342387385e+00,1.658909619e-05
3.520382602e-06,1.343417709e+00,1.343401191e+00,1.651759287e-05
3.523940342e-06,1.344431377e+00,1.344414917e+00,1.645978745e-05
3.527498082e-06,1.345444980e+00,1.345428593e+00,1.638630314e-05
3.531055822e-06,1.346458516e+00,1.346442189e+00,1.632651274e-05
3.534613561e-06,1.347471988e+00,1.347455725e+00,1.626270231e-05
3.538171301e-06,1.348485395e+00,1.348469201e+00,1.619388788e-05
3.541729041e-06,1.349498737e+00,1.349482607e+00,1.613043061e-05
3.545286781e-06,1.350512016e+00,1.350495943e+00,1.607324701e-05
3.548844520e-06,1.351525230e+00,1.351509228e+00,1.600179975e-05
3.552402260e-06,1.352538382e+00,1.352522444e+00,1.593797631e-05
3.555960000e-06,1.353551470e+00,1.353535588e+00,1.588238278e-05
